{"v":"5.7.4","fr":25,"ip":0,"op":75,"w":375,"h":400,"nm":"Loader idle","ddd":0,"assets":[],"layers":[{"ddd":0,"ind":1,"ty":4,"nm":"Shape Layer 3","sr":1,"ks":{"o":{"a":0,"k":100,"ix":11},"r":{"a":0,"k":0,"ix":10},"p":{"a":1,"k":[{"i":{"x":0.363,"y":0.997},"o":{"x":0.619,"y":0.007},"t":0,"s":[187.541,171.802,0],"to":[0,-8.75,0],"ti":[0,8.75,0]},{"i":{"x":0.667,"y":0.667},"o":{"x":0.333,"y":0.333},"t":18.75,"s":[187.541,119.302,0],"to":[0,0,0],"ti":[0,0,0]},{"i":{"x":0.381,"y":1},"o":{"x":0.655,"y":0.009},"t":37.5,"s":[187.541,119.302,0],"to":[0,8.75,0],"ti":[0,-8.75,0]},{"i":{"x":0.667,"y":0.667},"o":{"x":0.333,"y":0.333},"t":56.25,"s":[187.541,171.802,0],"to":[0,0,0],"ti":[0,0,0]},{"t":75,"s":[187.541,171.802,0]}],"ix":2,"l":2},"a":{"a":0,"k":[-86.938,-7.688,0],"ix":1,"l":2},"s":{"a":0,"k":[58.491,226.667,100],"ix":6,"l":2}},"ao":0,"shapes":[{"ty":"gr","it":[{"ty":"rc","d":1,"s":{"a":0,"k":[132.026,1.829],"ix":2},"p":{"a":0,"k":[0,0],"ix":3},"r":{"a":0,"k":0,"ix":4},"nm":"Rectangle Path 1","mn":"ADBE Vector Shape - Rect","hd":false},{"ty":"st","c":{"a":0,"k":[1,0.4,0,1],"ix":3},"o":{"a":0,"k":100,"ix":4},"w":{"a":0,"k":0,"ix":5},"lc":1,"lj":1,"ml":4,"bm":0,"nm":"Stroke 1","mn":"ADBE Vector Graphic - Stroke","hd":false},{"ty":"fl","c":{"a":0,"k":[1,0.4,0,1],"ix":4},"o":{"a":0,"k":100,"ix":5},"r":1,"bm":0,"nm":"Fill 1","mn":"ADBE Vector Graphic - Fill","hd":false},{"ty":"tr","p":{"a":0,"k":[-87.862,-7.71],"ix":2},"a":{"a":0,"k":[0,0],"ix":1},"s":{"a":0,"k":[100,100],"ix":3},"r":{"a":0,"k":0,"ix":6},"o":{"a":0,"k":100,"ix":7},"sk":{"a":0,"k":0,"ix":4},"sa":{"a":0,"k":0,"ix":5},"nm":"Transformar"}],"nm":"Rectangle 1","np":3,"cix":2,"bm":0,"ix":1,"mn":"ADBE Vector Group","hd":false}],"ip":0,"op":196,"st":-54,"bm":0},{"ddd":0,"ind":2,"ty":4,"nm":"Shape Layer 2","sr":1,"ks":{"o":{"a":0,"k":100,"ix":11},"r":{"a":0,"k":90,"ix":10},"p":{"a":1,"k":[{"i":{"x":0.667,"y":0.667},"o":{"x":0.333,"y":0.333},"t":0,"s":[214.674,146.312,0],"to":[0,0,0],"ti":[0,0,0]},{"i":{"x":0.179,"y":0.997},"o":{"x":0.633,"y":0.009},"t":18.75,"s":[214.674,146.312,0],"to":[-9.208,0,0],"ti":[9.208,0,0]},{"i":{"x":0.667,"y":0.667},"o":{"x":0.333,"y":0.333},"t":37.5,"s":[159.424,146.312,0],"to":[0,0,0],"ti":[0,0,0]},{"i":{"x":0.29,"y":1},"o":{"x":0.777,"y":0.038},"t":56.25,"s":[159.424,146.312,0],"to":[9.208,0,0],"ti":[-9.208,0,0]},{"t":75,"s":[214.674,146.312,0]}],"ix":2,"l":2},"a":{"a":0,"k":[-86.938,-7.688,0],"ix":1,"l":2},"s":{"a":0,"k":[58.491,226.667,100],"ix":6,"l":2}},"ao":0,"shapes":[{"ty":"gr","it":[{"ty":"rc","d":1,"s":{"a":0,"k":[132.026,1.829],"ix":2},"p":{"a":0,"k":[0,0],"ix":3},"r":{"a":0,"k":0,"ix":4},"nm":"Rectangle Path 1","mn":"ADBE Vector Shape - Rect","hd":false},{"ty":"st","c":{"a":0,"k":[1,0.4,0,1],"ix":3},"o":{"a":0,"k":100,"ix":4},"w":{"a":0,"k":0,"ix":5},"lc":1,"lj":1,"ml":4,"bm":0,"nm":"Stroke 1","mn":"ADBE Vector Graphic - Stroke","hd":false},{"ty":"fl","c":{"a":0,"k":[1,0.4,0,1],"ix":4},"o":{"a":0,"k":100,"ix":5},"r":1,"bm":0,"nm":"Fill 1","mn":"ADBE Vector Graphic - Fill","hd":false},{"ty":"tr","p":{"a":0,"k":[-87.862,-7.71],"ix":2},"a":{"a":0,"k":[0,0],"ix":1},"s":{"a":0,"k":[100,100],"ix":3},"r":{"a":0,"k":0,"ix":6},"o":{"a":0,"k":100,"ix":7},"sk":{"a":0,"k":0,"ix":4},"sa":{"a":0,"k":0,"ix":5},"nm":"Transformar"}],"nm":"Rectangle 1","np":3,"cix":2,"bm":0,"ix":1,"mn":"ADBE Vector Group","hd":false}],"ip":0,"op":196,"st":-54,"bm":0}],"markers":[]}